Joseph R. Smallwood,Confederation of Newfoundland
Chesley Crosbie,Confederation of Newfoundland
F. Gordon Bradley,Confederation of Newfoundland
Peter Cashin,Confederation of Newfoundland
P. Wellington Crummey ,Confederation of Newfoundland
Wilfred Dawe,Confederation of Newfoundland
David Jackman,Confederation of Newfoundland
Samuel Vincent,Confederation of Newfoundland
Kenneth Brown,Confederation of Newfoundland
Percy Figary,Confederation of Newfoundland
Edward Reddy,Confederation of Newfoundland
Daniel HIllier,Confederation of Newfoundland
Albert Penney,Confederation of Newfoundland
Albert Goodridge,Confederation of Newfoundland
Alfred Watton Jr.,Confederation of Newfoundland
William Banfield,Confederation of Newfoundland
Malcolm Hollett,Confederation of Newfoundland
Malcolm McDonald,Confederation of Newfoundland
Roland Starkes,Confederation of Newfoundland
Colin Jones,Confederation of Newfoundland
Thomas Kennedy,Confederation of Newfoundland
J.A. Hannon,Confederation of Newfoundland
John Spencer,Confederation of Newfoundland
Pierce Fudge,Confederation of Newfoundland
Lester Burry,Confederation of Newfoundland
Archibald Northcott,Confederation of Newfoundland
Leonard Miller,Confederation of Newfoundland
Dennis Ryan,Confederation of Newfoundland
Michael McCarthy,Confederation of Newfoundland
Joseph Fowler,Confederation of Newfoundland
Edgar Roberts,Confederation of Newfoundland
Willian Keough,Confederation of Newfoundland
Gordon Higgins,Confederation of Newfoundland
Edgar Hickman,Confederation of Newfoundland
Robert Job,Confederation of Newfoundland
Michael Harrington,Confederation of Newfoundland
Frank Fogwill,Confederation of Newfoundland
Albert Butt,Confederation of Newfoundland
John MacCormack,Confederation of Newfoundland
Edmund Crawford,Confederation of Newfoundland
Reuben Vardy,Confederation of Newfoundland
Charles Bailey,Confederation of Newfoundland
Thomas Ashbourne,Confederation of Newfoundland
Isaac Newell ,Confederation of Newfoundland
Patricio Aylwin,La Concertacion: Chile's Transition to Democracy
Clodomiro Almeyda,La Concertacion: Chile's Transition to Democracy
Juan Guetierrez Soto,La Concertacion: Chile's Transition to Democracy
Manuel Mandujano,La Concertacion: Chile's Transition to Democracy
Ricardo Nuñez,La Concertacion: Chile's Transition to Democracy
Ricardo Lagos,La Concertacion: Chile's Transition to Democracy
Ramon Silva,La Concertacion: Chile's Transition to Democracy
Enrique Silva Cimma,La Concertacion: Chile's Transition to Democracy
Luis Fernando Luengo,La Concertacion: Chile's Transition to Democracy
Amador Navarro,La Concertacion: Chile's Transition to Democracy
Wolfgang Prieur,La Concertacion: Chile's Transition to Democracy
Victor Barrueto,La Concertacion: Chile's Transition to Democracy
Fernando Avila Illanes,La Concertacion: Chile's Transition to Democracy
Luis Maira,La Concertacion: Chile's Transition to Democracy
José Tomás Sáenz,La Concertacion: Chile's Transition to Democracy
Hugo Zepeda Barrios,La Concertacion: Chile's Transition to Democracy
Andrés Koryzma,La Concertacion: Chile's Transition to Democracy
Ricardo Navarrete,La Concertacion: Chile's Transition to Democracy
Edgardo Boeninger Kausel,La Concertacion: Chile's Transition to Democracy
Genaro Arriagada,La Concertacion: Chile's Transition to Democracy
José Ruíz de Giorgio,La Concertacion: Chile's Transition to Democracy
Ricardo Hormazábal,La Concertacion: Chile's Transition to Democracy
Rodolfo Seguel,La Concertacion: Chile's Transition to Democracy
Nicanor Araya,La Concertacion: Chile's Transition to Democracy
Gabriel Valdés,La Concertacion: Chile's Transition to Democracy
Eduardo Frei,La Concertacion: Chile's Transition to Democracy
Alejandro Hales,La Concertacion: Chile's Transition to Democracy
Maximo Pacheco,La Concertacion: Chile's Transition to Democracy
Laura Soto,La Concertacion: Chile's Transition to Democracy
Andrés Aylwin,La Concertacion: Chile's Transition to Democracy
Jorge Molina,La Concertacion: Chile's Transition to Democracy
Jaime Naranjo,La Concertacion: Chile's Transition to Democracy
Isidoro Tohá,La Concertacion: Chile's Transition to Democracy
Gonzalez Marquex Carlos,La Concertacion: Chile's Transition to Democracy
Hector Ricardo Nuñez,La Concertacion: Chile's Transition to Democracy
Hernan Natalio Vodanovic,La Concertacion: Chile's Transition to Democracy
Luis Minchel,La Concertacion: Chile's Transition to Democracy
Humberto Palza,La Concertacion: Chile's Transition to Democracy
Jaime Rodrigo Gazmuri,La Concertacion: Chile's Transition to Democracy
Luis Enrique LeBlanc,La Concertacion: Chile's Transition to Democracy
Sergio Mariano Ruiz-Esquide,La Concertacion: Chile's Transition to Democracy
Saïd Mekbel ,International Press Forum
Keith Kyle,International Press Forum
Russell Baker,International Press Forum
Tom Gould ,International Press Forum
Walter Cronkite,International Press Forum
David Halton,International Press Forum
Mustafa Amin,International Press Forum
Walter Lippmann,International Press Forum
Peter Scholl-Latour,International Press Forum
 Helen Thomas,International Press Forum
Youcef Dris,International Press Forum
Frances Fitzgerald,International Press Forum
Fred Friendly,International Press Forum
Hannah Arendt ,International Press Forum
Ed Bradley,International Press Forum
Ben Bradlee ,International Press Forum
Joe Shlesinger,International Press Forum
Peter Stursberg,International Press Forum
Martha Gellhorn,International Press Forum
Peter Arnett,International Press Forum
Kate Adie,International Press Forum
Farag Foda ,International Press Forum
Martin Bell,International Press Forum
Marguerite Higgins Hall ,International Press Forum
Jane Jacobs,International Press Forum
Richard West ,International Press Forum
John Hughes ,International Press Forum
Harold Hendrix ,International Press Forum
Chet Huntley,International Press Forum
David Brinkley,International Press Forum
Joan Didion,International Press Forum
Nora Ephron,International Press Forum
Michael David Herr,International Press Forum
Clay Felker,International Press Forum
Barbara Walters,International Press Forum
Mr. Abdullah-al Mahmood,Constituent Assembly of Pakistan (1947)
Maulana Muhammad Abdullah-el Baqui,Constituent Assembly of Pakistan (1947)
The Honourable Mr. Abdul Hamid ,Constituent Assembly of Pakistan (1947)
Mr. Abdul Kasem Khan,Constituent Assembly of Pakistan (1947)
Maulana Mohammad Akrum Khan ,Constituent Assembly of Pakistan (1947)
Mr. A.M. Hamid ,Constituent Assembly of Pakistan (1947)
Mr. Azizuddin Ahmad,Constituent Assembly of Pakistan (1947)
"The Honourable Mr. Muhammad Habibullah Bahar, ",Constituent Assembly of Pakistan (1947)
Mr. Prem hari Barma,Constituent Assembly of Pakistan (1947)
Prof. Raj Kumar Chakraverty ,Constituent Assembly of Pakistan (1947)
Mr. Sris Chandra Chattopadhyaya,Constituent Assembly of Pakistan (1947)
Mr. Abdul Matin Chaudhary,Constituent Assembly of Pakistan (1947)
Mr. Murtaza Raza Chaudhry,Constituent Assembly of Pakistan (1947)
The Honourable Mr. Hamidul Huq Chaudhry,Constituent Assembly of Pakistan (1947)
Mr. Akhay Kumar Das,Constituent Assembly of Pakistan (1947)
Mr. Dhirendra Nath Datta,Constituent Assembly of Pakistan (1947)
Mr. Bhupendra Kumar Datta,Constituent Assembly of Pakistan (1947)
"Moulavi M.A., B.L. Ebrahim Khan",Constituent Assembly of Pakistan (1947)
Mr. A.K. Fazlul Huq,Constituent Assembly of Pakistan (1947)
The Honourable Mr. Fazlur Rahman,Constituent Assembly of Pakistan (1947)
Mr. Ghayasuddin Pathan,Constituent Assembly of Pakistan (1947)
Begum Shaista Suhrawardy Ikramullah,Constituent Assembly of Pakistan (1947)
The Honourable Mr. Liaquat Ali Khan,Constituent Assembly of Pakistan (1947)
Mr. Mafizuddin Ahmad,Constituent Assembly of Pakistan (1947)
Dr. Mahmud Hussain ,Constituent Assembly of Pakistan (1947)
Mr. Jnanendra Chandra Majumdar,Constituent Assembly of Pakistan (1947)
Dr. A.M. Malik,Constituent Assembly of Pakistan (1947)
Mr. Birat Chandra Mandal ,Constituent Assembly of Pakistan (1947)
The Honourable Mr. Jogendra Nat Mandal,Constituent Assembly of Pakistan (1947)
Mr. Mohammed Ali ,Constituent Assembly of Pakistan (1947)
The Honourable Khwaja Nazimuddin,Constituent Assembly of Pakistan (1947)
Mr. Nur Ahmed,Constituent Assembly of Pakistan (1947)
The Honourable Mr. Nurul Amin,Constituent Assembly of Pakistan (1947)
Prof. Ishtiaq Hussain Qureshi,Constituent Assembly of Pakistan (1947)
Sri Dhananjoy Roy,Constituent Assembly of Pakistan (1947)
Maudi Bhakesh Chanda,Constituent Assembly of Pakistan (1947)
Mr. Serajul Islam ,Constituent Assembly of Pakistan (1947)
Maulana Shabbir Ahmad Osmani,Constituent Assembly of Pakistan (1947)
The Honourable Shahabudin Khwaja,Constituent Assembly of Pakistan (1947)
Mr. H.S. Suhrawardy,Constituent Assembly of Pakistan (1947)
Mr. Harendra Kumar Sur ,Constituent Assembly of Pakistan (1947)
Mr. Tamizuddin Khan,Constituent Assembly of Pakistan (1947)
Mr. Kawivi Kerwar Datta,Constituent Assembly of Pakistan (1947)
The Honourable Mr. Ghulam Mohammed.,Constituent Assembly of Pakistan (1947)
Mian Mumtaz Mohammad Khan Daultana,Constituent Assembly of Pakistan (1947)
Mr. Ganga Saran ,Constituent Assembly of Pakistan (1947)
The Honourable Sir Zafrullah Khan ,Constituent Assembly of Pakistan (1947)
The Honourable Khan Iftikhar Hussain Khan of Mamdot,Constituent Assembly of Pakistan (1947)
Mian Muhammad Iftikharuddin ,Constituent Assembly of Pakistan (1947)
Quaid- I -Azam Muhammad Ali Jinnah,Constituent Assembly of Pakistan (1947)
Sheikh Karamat Ali,Constituent Assembly of Pakistan (1947)
Mr. Nazir Ahmad Khan ,Constituent Assembly of Pakistan (1947)
The Honourable Sardar Abdur Rab Khan Nishtar,Constituent Assembly of Pakistan (1947)
Malik Mohammad Firoz Khan Noon ,Constituent Assembly of Pakistan (1947)
Dr. Omar Hayat Malik ,Constituent Assembly of Pakistan (1947)
Shah Nawaz Begum Jahan Ara ,Constituent Assembly of Pakistan (1947)
Sardar Shaukat Hyat Khan,Constituent Assembly of Pakistan (1947)
Khan Abdul Ghafar Khan,Constituent Assembly of Pakistan (1947)
Khan Sardar Bahadur Khan ,Constituent Assembly of Pakistan (1947)
Sardar Asad Ullah Jan Khan,Constituent Assembly of Pakistan (1947)
The Honourable Pirzada Abdus Sattar Abdur Rahman,Constituent Assembly of Pakistan (1947)
Alhajj Muhammad Hashim Gazder,Constituent Assembly of Pakistan (1947)
Mr. M.A. Khuro,Constituent Assembly of Pakistan (1947)
S. B. Nawab Mohammad Khan Jogezai,Constituent Assembly of Pakistan (1947)
General Janet Wolfenbarger,Defense Advisory committee on Women in the Services
Sharlene Hawkes,Defense Advisory committee on Women in the Services
Doctor Jackie Young,Defense Advisory committee on Women in the Services
Monica Medina,Defense Advisory committee on Women in the Services
Pat Locke,Defense Advisory committee on Women in the Services
Command Sergeant Major Michele Jones,Defense Advisory committee on Women in the Services
Lieutenant General Judy Fedder,Defense Advisory committee on Women in the Services
Rear Admiral Caril Thomas,Defense Advisory committee on Women in the Services
Doctor Kyleanne Hunter,Defense Advisory committee on Women in the Services
Fleet Master Chief Joann Marie Ortloff,Defense Advisory committee on Women in the Services
Doctor Kristy Anderson,Defense Advisory committee on Women in the Services
Major General Sharon Dunbar,Defense Advisory committee on Women in the Services
Vice Admiral Carol Pottenger,Defense Advisory committee on Women in the Services
Sergeat Major Norma Helsham,Defense Advisory committee on Women in the Services
Theresa Hughes,Defense Advisory committee on Women in the Services
Janie Mines,Defense Advisory committee on Women in the Services
Major General John Macdonald,Defense Advisory committee on Women in the Services
Colonel John Boggs,Defense Advisory committee on Women in the Services
Sergeant Major of the Army Kenneth Preston,Defense Advisory committee on Women in the Services
Brian Morrison,Defense Advisory committee on Women in the Services
Rachel Gaddes,Defense Advisory committee on Women in the Services
Fleet Master Chief Jacqueline DiRosa,Defense Advisory committee on Women in the Services
Captain Beverly Kelley,Defense Advisory committee on Women in the Services
Lieutenant Colonel Hae-Sue Park,Defense Advisory committee on Women in the Services
Nancy Duff Campbell,Defense Advisory committee on Women in the Services
Brigadier General Maureen LeBoeuf,Defense Advisory committee on Women in the Services
Honourable Deborah Lee James,Defense Advisory committee on Women in the Services
Lieutenant General Frances Wilson,Defense Advisory committee on Women in the Services
Colonel Margarethe Cammermey,Defense Advisory committee on Women in the Services
Brigadier General Julia Cleckley,Defense Advisory committee on Women in the Services
Army Major General Gale Pollock,Defense Advisory committee on Women in the Services
Gary Bettman,National Hockey League
Ryan Getzlaf,National Hockey League
Zdeno Chara,National Hockey League
Mark Giordano,National Hockey League
Jonathan Toews,National Hockey League
Connor McDavid,National Hockey League
Don Fehr,National Hockey League
Max Pacioretty,National Hockey League
Roman Josi,National Hockey League
John Tavares,National Hockey League
Erik Karlsson,National Hockey League
Claude Giroux,National Hockey League
Sidney Crosby ,National Hockey League
Alex Pietrangelo,National Hockey League
Steven Stamkos,National Hockey League
Morgan Rielly,National Hockey League
Alexander Edler,National Hockey League
Luca Sbisa,National Hockey League
Alex Ovechkin,National Hockey League
Blake Wheeler,National Hockey League
Henry Samueli,National Hockey League
Andrew Barroway,National Hockey League
Jeremy Jacobs,National Hockey League
Terrence Pegula,National Hockey League
N. Murray Edwards,National Hockey League
Thomas Dundon,National Hockey League
Rocky Wirtz,National Hockey League
Ann Walton Kroenke,National Hockey League
John P. McConnell,National Hockey League
Tom Gaglardi,National Hockey League
Christopher Ilitch ,National Hockey League
Daryl Katz,National Hockey League
Vincent Viola,National Hockey League
Philip Anschutz,National Hockey League
Craig Leipold,National Hockey League
Geoffrey Molson ,National Hockey League
Thomas Cigarran ,National Hockey League
Joshua Harris,National Hockey League
Jon Ledecky,National Hockey League
James Dolan ,National Hockey League
Eugene Melnyk,National Hockey League
Brian Roberts,National Hockey League
Mario Lemieux,National Hockey League
Hasso Plattner,National Hockey League
Tom Stillman,National Hockey League
Jeffrey Vinik,National Hockey League
Larry Tanenbaum ,National Hockey League
Francesco Aquilini ,National Hockey League
Bill Foley,National Hockey League
Ted Leonsis,National Hockey League
Mark Chipman,National Hockey League
Leon Shenandoah,Royal Commission on Aboriginal Peoples
General John de Chastelaine,Royal Commission on Aboriginal Peoples
Tom Siddon,Royal Commission on Aboriginal Peoples
Ellen Gabriel,Royal Commission on Aboriginal Peoples
Lt. Gen. Kent Foster,Royal Commission on Aboriginal Peoples
Dan Smith,Royal Commission on Aboriginal Peoples
Yvon Dumont,Royal Commission on Aboriginal Peoples
John Ciaccia,Royal Commission on Aboriginal Peoples
Martha Flaherty,Royal Commission on Aboriginal Peoples
Rosemarie Kuptana,Royal Commission on Aboriginal Peoples
Mike Manentakeron Mitchell,Royal Commission on Aboriginal Peoples
Tony Penikett,Royal Commission on Aboriginal Peoples
Grand Chief of the Council of Yukon First Nations,Royal Commission on Aboriginal Peoples
Dennis Patterson,Royal Commission on Aboriginal Peoples
Regional Chief of the Northwest Territories,Royal Commission on Aboriginal Peoples
Roy Romanow,Royal Commission on Aboriginal Peoples
Roland Crowe,Royal Commission on Aboriginal Peoples
Bob Rae,Royal Commission on Aboriginal Peoples
Regional Chief of Ontario,Royal Commission on Aboriginal Peoples
Robert Bourassa,Royal Commission on Aboriginal Peoples
Grand Chief Matthew Coon Come,Royal Commission on Aboriginal Peoples
Mike Harcourt,Royal Commission on Aboriginal Peoples
Grand Chief Saul Terry,Royal Commission on Aboriginal Peoples
Don Getty,Royal Commission on Aboriginal Peoples
Grand Chief of the Confederacy of Treaty No. 6 First Nations,Royal Commission on Aboriginal Peoples
Gary Filmon,Royal Commission on Aboriginal Peoples
Grand Chief of the Assembly of Manitoba Chiefs,Royal Commission on Aboriginal Peoples
Frank McKenna,Royal Commission on Aboriginal Peoples
Executive Director of Union of New Brunswick Indians,Royal Commission on Aboriginal Peoples
Clyde Wells,Royal Commission on Aboriginal Peoples
Executive Director of the Atlantic Policy Congress of First Nations Chiefs Secretariat,Royal Commission on Aboriginal Peoples
Donald Cameron,Royal Commission on Aboriginal Peoples
Elijah Harper,Royal Commission on Aboriginal Peoples
Jim Bourque,Royal Commission on Aboriginal Peoples
Bill Erasmus,Royal Commission on Aboriginal Peoples
Jerry Peltier,Royal Commission on Aboriginal Peoples
Keith Penner,Royal Commission on Aboriginal Peoples
Harold Cardinal,Royal Commission on Aboriginal Peoples
Claude Ryan,Royal Commission on Aboriginal Peoples
Georges-Émile Lapalme,Assemblée nationale du Québec
Laurent Barre,Assemblée nationale du Québec
René Hamel,Assemblée nationale du Québec
Antonio Barrette,Assemblée nationale du Québec
Paul Gérin-Lajoie,Assemblée nationale du Québec
Maurice-Tréflé Custeau,Assemblée nationale du Québec
Alcide Courcy,Assemblée nationale du Québec
Edgar Charbonneau,Assemblée nationale du Québec
René Lévesque,Assemblée nationale du Québec
Paul Dozois,Assemblée nationale du Québec
Charles-Aimé Kirkland,Assemblée nationale du Québec
Gérard Thibeault,Assemblée nationale du Québec
Paul Earl,Assemblée nationale du Québec
Lucien Tremblay,Assemblée nationale du Québec
Gérard Cournoyer,Assemblée nationale du Québec
Maurice Cloutier,Assemblée nationale du Québec
Bernard Pinard,Assemblée nationale du Québec
Armand Maltais,Assemblée nationale du Québec
Émilien Lafrance,Assemblée nationale du Québec
Yves Gabias,Assemblée nationale du Québec
Lionel Bertrand,Assemblée nationale du Québec
Charles Romulus Ducharme,Assemblée nationale du Québec
Alphonse Couturier,Assemblée nationale du Québec
Antonio Talbot,Assemblée nationale du Québec
Gérard D. Lévesque,Assemblée nationale du Québec
Joseph-André Larouche,Assemblée nationale du Québec
André Rousseau,Assemblée nationale du Québec
Arthur Leclerc,Assemblée nationale du Québec
Bona Arsenault,Assemblée nationale du Québec
Joseph Maurice Laberge,Assemblée nationale du Québec
Jean Jacques Bédard,Assemblée nationale du Québec
Gérard Desjardins,Assemblée nationale du Québec
John Richard Hyde,Assemblée nationale du Québec
Camille-Eugène Pouliot,Assemblée nationale du Québec
Philippe Lalonde,Assemblée nationale du Québec
Hormisdas Langlais,Assemblée nationale du Québec
George O’Reilly,Assemblée nationale du Québec
Roméo Lorrain,Assemblée nationale du Québec
Harry Blank,Assemblée nationale du Québec
Frank Hanley,Assemblée nationale du Québec
Lucien Cliche,Assemblée nationale du Québec
Maurice Cloutier,Assemblée nationale du Québec
Henri-Laurier Coiteux,Assemblée nationale du Québec
Armand Maltais,Assemblée nationale du Québec
Jean-Claude Plourde,Assemblée nationale du Québec
Yves Gabias,Assemblée nationale du Québec
Lucien Collard,Assemblée nationale du Québec
Charles Romulus Ducharme,Assemblée nationale du Québec
Jean-Noel Lavoie,Assemblée nationale du Québec
Antonio Talbot,Assemblée nationale du Québec
Louis-Philippe Brousseau,Assemblée nationale du Québec
Joseph-André Larouche,Assemblée nationale du Québec
Claude Jourdain,Assemblée nationale du Québec
Arthur Leclerc,Assemblée nationale du Québec
Roger Roy,Assemblée nationale du Québec
Joseph Maurice Laberge,Assemblée nationale du Québec
Gaston Binette,Assemblée nationale du Québec
Gérard Desjardins,Assemblée nationale du Québec
René Saint-Pierre,Assemblée nationale du Québec
Sam Houston,Texas Revolutionary War
Davy Crockett,Texas Revolutionary War
Lorenzo de Zavala ,Texas Revolutionary War
William B. Travis,Texas Revolutionary War
James Bowie,Texas Revolutionary War
Deaf Smith,Texas Revolutionary War
Juan Seguin,Texas Revolutionary War
Jose Antonio Navarre,Texas Revolutionary War
Father Miguel Hidalgo y Costilla,Texas Revolutionary War
Juan Bautista de las Casas,Texas Revolutionary War
"John Jolly ""Chief Oolooteka""",Texas Revolutionary War
"Peta Nocona ""The Lone Wanderer""",Texas Revolutionary War
Buffalo Hump,Texas Revolutionary War
Edward Burleson,Texas Revolutionary War
Haden Edwards,Texas Revolutionary War
Jacob Snively,Texas Revolutionary War
James Bonham,Texas Revolutionary War
Moseley Baker,Texas Revolutionary War
José Francisco Ruiz,Texas Revolutionary War
Erasmo Seguin,Texas Revolutionary War
José Antonio de la Garza,Texas Revolutionary War
"The Bowl ""Chief Bowles""",Texas Revolutionary War
"Cynthia Parker ""Someone Found""",Texas Revolutionary War
Robert McAlpin Williamson,Texas Revolutionary War
Memucan Hunt Jr. ,Texas Revolutionary War
Collin McKinney,Texas Revolutionary War
Susanna Dickinson,Texas Revolutionary War
Emilio Largo,SPECTRE
Rose Klebb,SPECTRE
Count Lippe,SPECTRE
Dr. Julius No,SPECTRE
Aurich Goldfinger,SPECTRE
Dr. Kananga,SPECTRE
Karl Stromberg,SPECTRE
Alec Trevelian,SPECTRE
General Ourumov,SPECTRE
Hugo Drax,SPECTRE
Francisco Scaramanga,SPECTRE
Max Zorin,SPECTRE
Aristotle Kristatos,SPECTRE
Elektra King,SPECTRE
Mr. White,SPECTRE
Le Chiffre,SPECTRE
Domomic Green,SPECTRE
Raoul Silva,SPECTRE
Frank Sanchez,SPECTRE
Elliot Carver,SPECTRE
Gustave Graves,SPECTRE
Mr. Osato,SPECTRE
Kamal Khan,SPECTRE
General Orlov,SPECTRE
Mr. Wint,SPECTRE
Mr. Kidd,SPECTRE
Granville Sharp,Sierra Leone Board of Directors
"Governor John Clarkson, Lieutenant",Sierra Leone Board of Directors
Thomas Peters,Sierra Leone Board of Directors
Henry Thornton,Sierra Leone Board of Directors
David George ,Sierra Leone Board of Directors
William Wilberforce,Sierra Leone Board of Directors
Rev. Thomas Clarkson,Sierra Leone Board of Directors
Moses Wilkinsin,Sierra Leone Board of Directors
Samuel Whitbread,Sierra Leone Board of Directors
Oluadah Equiano,Sierra Leone Board of Directors
Charley Smith,Sierra Leone Board of Directors
Edmund Hartson,Sierra Leone Board of Directors
William Watson,Sierra Leone Board of Directors
Joseph Barss,Sierra Leone Board of Directors
Gaius Octavius Caesar Octavianus,Julius Caesar 
Marc Antony,Julius Caesar 
Marcus Aemilius Lepidus,Julius Caesar 
Marcus Junius Brutus the Younger,Julius Caesar 
Gaius Cassius Longinus,Julius Caesar 
Lucius Caesetius Flavius,Julius Caesar 
Gaius Epidus Marullus,Julius Caesar 
Marcus Tullius Cicero,Julius Caesar 
Servilius Casca,Julius Caesar 
Decimus Junius Brutus Albinus,Julius Caesar 
Lucius Cornellius Cinna,Julius Caesar 
Lucius Tillius Cimber,Julius Caesar 
Gaius Trebonius,Julius Caesar 
Quintus Ligarius,Julius Caesar 
Publius,Julius Caesar 
Popillius Lena,Julius Caesar 
Margaret d'Anjou,JCC Lancaster
Edmund Beaufort,JCC Lancaster
Henry Percy,JCC Lancaster
Henry Holland,JCC Lancaster
Mary of Guelders ,JCC Lancaster
Humphrey Stafford,JCC Lancaster
Sir Thomas Charlton,JCC Lancaster
James II of Scotland,JCC Lancaster
Elizabeth Woodville ,JCC Lancaster
Jacquetta of Luxembourg,JCC Lancaster
Thomas de Ros,JCC Lancaster
Ralph Percy,JCC Lancaster
Jasper Tudor,JCC Lancaster
Sir Thomas Tresham,JCC Lancaster
Henry Beaufort,JCC Lancaster
John Clifford,JCC Lancaster
Richard of York,JCC York
Richard Neville ,JCC York
George Plantagenet,JCC York
John Neville ,JCC York
William Neville,JCC York
Thomas Bourchier,JCC York
Andrew Trollope ,JCC York
Thomas Neville,JCC York
John Howard,JCC York
William Hastings ,JCC York
"William ""Black William"" Herbert",JCC York
Richard Neville ,JCC York
Philip the Good,JCC York
Cecily Neville,JCC York
Anne de Beauchamp,JCC York
Vo Nguyen Giap,First Indochina War (Bilingual)
Le Duan,First Indochina War (Bilingual)
Pham Van Dong,First Indochina War (Bilingual)
Truong Chinh,First Indochina War (Bilingual)
Hoang Van Thai,First Indochina War (Bilingual)
Souphanouvong,First Indochina War (Bilingual)
Son Ngoc Minh,First Indochina War (Bilingual)
Kaysone Phomvihane,First Indochina War (Bilingual)
Phoumi Vongvichit,First Indochina War (Bilingual)
Tou Samouth,First Indochina War (Bilingual)
Phiset Phanit,First Indochina War (Bilingual)
Norodom Sihanouk,First Indochina War (Bilingual)
Son Ngoc Thanh,First Indochina War (Bilingual)
Archibald Penfield,First Indochina War (Bilingual)
Zhou Yiwei,First Indochina War (Bilingual)
Van Tien Dung,First Indochina War (Bilingual)
Le Duc Tho,First Indochina War (Bilingual)
Ton Duc Thang,First Indochina War (Bilingual)
Henri Rousseau,First Indochina War (Bilingual)
Li Si,The Court of Qin Shi Huang
Xu Fu,The Court of Qin Shi Huang
Fu Su,The Court of Qin Shi Huang
Zhao Gao,The Court of Qin Shi Huang
Meng Tian,The Court of Qin Shi Huang
Meng Yi,The Court of Qin Shi Huang
Zi Ying,The Court of Qin Shi Huang
Zhang Han,The Court of Qin Shi Huang
Liu Bang,The Court of Qin Shi Huang
Lady Zhao,The Court of Qin Shi Huang
Lü Buwei,The Court of Qin Shi Huang
Lao Ai,The Court of Qin Shi Huang
Wei Liao,The Court of Qin Shi Huang
Wang Ben,The Court of Qin Shi Huang
Wang Jian,The Court of Qin Shi Huang
Qin Er Shi,The Court of Qin Shi Huang
Minister of Defense,The Cabinet of Gamal Abdel Nasser
Minister of Interior,The Cabinet of Gamal Abdel Nasser
Minister of Foreign Affairs,The Cabinet of Gamal Abdel Nasser
Minister of Finance,The Cabinet of Gamal Abdel Nasser
Minister of Justice,The Cabinet of Gamal Abdel Nasser
Minister of Petroleum,The Cabinet of Gamal Abdel Nasser
"Minister of Housing, Utilities and Urban Development",The Cabinet of Gamal Abdel Nasser
Minister of Trade and Industry,The Cabinet of Gamal Abdel Nasser
Minister of Tourism,The Cabinet of Gamal Abdel Nasser
Minister of Religious Endowment,The Cabinet of Gamal Abdel Nasser
Minister of Communication and Information Technology,The Cabinet of Gamal Abdel Nasser
Minister of Immigration,The Cabinet of Gamal Abdel Nasser
Minister of Manpower,The Cabinet of Gamal Abdel Nasser
Minister of Agriculture,The Cabinet of Gamal Abdel Nasser
Minister of Education,The Cabinet of Gamal Abdel Nasser
Minister of Civil Aviation,The Cabinet of Gamal Abdel Nasser
President of the National Assembly,The Cabinet of Gamal Abdel Nasser
Minister of Health,The Cabinet of Gamal Abdel Nasser
Egyptian Ambassador to the United Nations,The Cabinet of Gamal Abdel Nasser
Minister of Transportation,The Cabinet of Gamal Abdel Nasser
Matthew Barzun,Ad Hoc
Le Yucheng,Ad Hoc
Dmitry Medvedev,Ad Hoc
Emmanuel Macron,Ad Hoc
Emily Thornberry,Ad Hoc
Grace Mendonça,Ad Hoc
Paul Mashatile,Ad Hoc
Raveesh Kumar,Ad Hoc
David MacNaughton,Ad Hoc
Minoru Kiharu,Ad Hoc
Alhaji Yusuf Maitama Tuggar,Ad Hoc
Tarek Hussein,Ad Hoc
Mahir Ünal ,Ad Hoc
Tzipi Hotovely ,Ad Hoc
Toni Brunner ,Ad Hoc